# Convenience Redirects
/docs /docs/actors 302

# Redirects for moved Cloud docs
/docs/actors-low-level /docs/cloud/actors 302
/docs/api /docs/cloud/api 302
/docs/api/* /docs/cloud/api/:splat 302
/docs/cli /docs/cloud/cli 302
/docs/config /docs/cloud/config 302
/docs/containers /docs/cloud/containers 302
/docs/continuous-delivery /docs/cloud/continuous-delivery 302
/docs/durability /docs/cloud/durability 302
/docs/edge /docs/cloud/edge 302
/docs/environment-variables /docs/cloud/environment-variables 302
/docs/faq /docs/cloud/faq 302
/docs/functions /docs/cloud/functions 302
/docs/hub /docs/cloud/hub 302
/docs/install /docs/cloud/install 302
/docs/limitations /docs/cloud/limitations 302
/docs/local-development /docs/cloud/local-development 302
/docs/networking /docs/cloud/networking 302
/docs/pricing /docs/cloud/pricing 302
/docs/quickstart /docs/cloud/quickstart 302
/docs/self-hosting /docs/cloud/self-hosting 302
/docs/self-hosting/* /docs/cloud/self-hosting/:splat 302
/docs/solutions/* /docs/cloud/solutions/:splat 302
/docs/tokens /docs/cloud/tokens 302
/docs/troubleshooting /docs/cloud/troubleshooting 302
/docs/workers /docs/cloud/workers 302
/docs/javascript-runtime /docs/cloud/actors 302
/docs/container-runtime /docs/cloud/containers 302

# Old gaming
/docs/godot/* https://opengamebackend.org/game-engines/godot 302
/docs/unity/* https://opengamebackend.org/game-engines/unity 302
/docs/unreal/* https://opengamebackend.org/game-engines/unreal 302
/docs/html5/* https://opengamebackend.org/game-engines/html5 302
/docs/custom/* https://opengamebackend.org/game-engines/html5 302
/modules/* https://opengamebackend.org/modules 302
